StarkCotton;695;M;XXL;57;Red;Cotton;2021
B.O.M.J.;1000;M;XXL;27;Blu;Polyester;2016
Adidas;2115;F;L;37;White;Elastane;2015
Messi;2435;F;M;53;Black;Linen;2001
StarkCotton;695;M;XXL;57;Red;Cotton;2021
B.O.M.J.;1000;M;XXL;27;Blu;Polyester;2016
Adidas;2115;F;L;37;White;Elastane;2015
Messi;2435;F;M;53;Black;Linen;2001
Hola;404;M;S;48;LightSalmon;Linen;2008
Mosya;765;F;XS;44;Coral;Cotton;2015
Black Star Wear;234;M;S;48;Yellow;Linen;2012
RUSCOTTON;234;M;XXXL;65;DarkKhaki;Viscose;2003
ArtTi shop;547;M;XL;58;Olive;Elastane;2005
eco.hizmat;876;F;M;51;BlanchedAlmond;Elastane;2015
Harpers;543;F;M;50;Aqua;Polyester;2022
UZCOTTON;345;M;S;47;Blue;Viscose;2022
VIVEZZA;875;F;L;55;Brown;Elastane;2021
DIRSAL;2456;F;L;57;Navy;Cotton;2019
Colins;5765;F;XS;42;Red;Elastane;2018
T-SOD;654;M;XS;43;Purple;Cotton;2001
Fazo-R;4554;M;M;49;BlanchedAlmond;Polyester;2000
GOLDUSTIM;432;F;M;51;LightSalmon;Polyester;2006
Karl;2345;M;M;50;Black;Viscose;2007
ELEMENTARNO;876;F;XXL;52;DarkKhaki;Elastane;2021
